timestamp,CO2
2017-10-01 00:00:00,340.7225932686553
2017-10-01 01:00:00,340.7495805871028
2017-10-01 02:00:00,344.68765833497326
2017-10-01 03:00:00,342.85643739633224
2017-10-01 04:00:00,345.97347482504773
2017-10-01 05:00:00,347.96532140429036
2017-10-01 06:00:00,347.01402995998427
2017-10-01 07:00:00,339.22984913513
2017-10-01 08:00:00,337.17413880481877
2017-10-01 09:00:00,330.90160095053517
2017-10-01 10:00:00,329.8836147708293
2017-10-01 11:00:00,329.1929558184894
2017-10-01 12:00:00,330.444876525396
2017-10-01 13:00:00,328.989970483735
2017-10-01 14:00:00,327.8641837267303
2017-10-01 15:00:00,326.20516887366136
2017-10-01 16:00:00,331.54295965423927
2017-10-01 17:00:00,335.77894410047634
2017-10-01 18:00:00,337.1443271809673
2017-10-01 19:00:00,336.18372004146516
2017-10-01 20:00:00,334.58573861314
2017-10-01 21:00:00,338.9797113379218
2017-10-01 22:00:00,338.3712792775522
2017-10-01 23:00:00,339.54167477740623
2017-10-02 00:00:00,344.1716901925749
2017-10-02 01:00:00,346.48488713001603
2017-10-02 02:00:00,356.1113935244572
2017-10-02 03:00:00,359.7465285838185
2017-10-02 04:00:00,361.2961231422822
2017-10-02 05:00:00,362.5204042696537
2017-10-02 06:00:00,349.7219048603608
2017-10-02 07:00:00,350.77166974338417
2017-10-02 08:00:00,345.5407121548668
2017-10-02 09:00:00,340.5680551523112
2017-10-02 10:00:00,337.5564402218858
2017-10-02 11:00:00,335.61710455243934
2017-10-02 12:00:00,333.1065298912204
2017-10-02 13:00:00,332.7668843047265
2017-10-02 14:00:00,333.53246708862247
2017-10-02 15:00:00,334.23188496608867
2017-10-02 16:00:00,335.3220843898812
2017-10-02 17:00:00,335.25756505386653
2017-10-02 18:00:00,334.0411253168114
2017-10-02 19:00:00,336.041648788711
2017-10-02 20:00:00,340.0481498556855
2017-10-02 21:00:00,340.90640665561483
2017-10-02 22:00:00,342.2264015341678
2017-10-02 23:00:00,340.22204296135146
2017-10-03 00:00:00,337.0868123555254
2017-10-03 01:00:00,339.827460261367
2017-10-03 02:00:00,342.48576146151663
2017-10-03 03:00:00,346.7091531828533
2017-10-03 04:00:00,342.28827426904456
2017-10-03 05:00:00,343.32551364984806
2017-10-03 06:00:00,345.64217610322197
2017-10-03 07:00:00,336.6015277454398
2017-10-03 08:00:00,336.73073939274116
2017-10-03 09:00:00,332.92897976193177
2017-10-03 10:00:00,330.60044184730816
2017-10-03 11:00:00,325.15069069729225
2017-10-03 12:00:00,322.08831483165096
2017-10-03 13:00:00,326.8711398715494
2017-10-03 14:00:00,325.7112583661698
2017-10-03 15:00:00,328.4588922652888
2017-10-03 16:00:00,329.60917737623157
2017-10-03 17:00:00,333.954442869317
2017-10-03 18:00:00,336.1677308777065
2017-10-03 19:00:00,336.4801879672934
2017-10-03 20:00:00,336.4286964902517
2017-10-03 21:00:00,338.4448840540326
2017-10-03 22:00:00,337.1163452179703
2017-10-03 23:00:00,338.4976568491185
2017-10-04 00:00:00,335.93226172917736
2017-10-04 01:00:00,334.34276177542426
2017-10-04 02:00:00,339.3712667737002
2017-10-04 03:00:00,335.46872019999535
2017-10-04 04:00:00,337.04197297627024
2017-10-04 05:00:00,346.71669564145475
2017-10-04 06:00:00,352.4596603076173
2017-10-04 07:00:00,350.40065855665716
2017-10-04 08:00:00,342.2360366482438
2017-10-04 09:00:00,337.1582079607905
2017-10-04 10:00:00,329.5395430608202
2017-10-04 11:00:00,328.9223109694876
2017-10-04 12:00:00,327.656886575007
2017-10-04 13:00:00,323.619297423031
2017-10-04 14:00:00,321.2077802295762
2017-10-04 15:00:00,324.872846232489
2017-10-04 16:00:00,326.0710923379344
2017-10-04 17:00:00,331.7375731871325
2017-10-04 18:00:00,335.90308006115515
2017-10-04 19:00:00,333.67887719162565
2017-10-04 20:00:00,332.7080202379785
2017-10-04 21:00:00,333.37934880682883
2017-10-04 22:00:00,342.85585222771505
2017-10-04 23:00:00,344.599706555579
2017-10-05 00:00:00,348.79409355333
2017-10-05 01:00:00,350.4055881520571
2017-10-05 02:00:00,348.95555013760196
2017-10-05 03:00:00,351.1000991307026
2017-10-05 04:00:00,364.25434458806603
2017-10-05 05:00:00,370.9244593687102
2017-10-05 06:00:00,373.3531945262066
2017-10-05 07:00:00,363.3160312697121
2017-10-05 08:00:00,349.2182638840886
2017-10-05 09:00:00,338.6204838826558
2017-10-05 10:00:00,331.18355596390563
2017-10-05 11:00:00,328.8747060848824
2017-10-05 12:00:00,326.84081895150365
2017-10-05 13:00:00,326.91060583349827
2017-10-05 14:00:00,324.53893652389854
2017-10-05 15:00:00,322.9365759152398
2017-10-05 16:00:00,326.79235869521153
2017-10-05 17:00:00,327.53135634417873
2017-10-05 18:00:00,326.111387125355
2017-10-05 19:00:00,322.3406317018098
2017-10-05 20:00:00,324.10369000673955
2017-10-05 21:00:00,323.8008480864846
2017-10-05 22:00:00,329.6215311745336
2017-10-05 23:00:00,327.10921911209886
2017-10-06 00:00:00,323.04625576190904
2017-10-06 01:00:00,326.712393657171
2017-10-06 02:00:00,328.4232881336871
2017-10-06 03:00:00,332.71070161856477
2017-10-06 04:00:00,337.6329026850373
2017-10-06 05:00:00,340.621902137486
2017-10-06 06:00:00,337.59015122549596
2017-10-06 07:00:00,330.76809035114064
2017-10-06 08:00:00,325.1153764216738
2017-10-06 09:00:00,322.97158595400526
2017-10-06 10:00:00,323.69732145422097
2017-10-06 11:00:00,321.46998469717164
2017-10-06 12:00:00,323.090984180542
2017-10-06 13:00:00,322.7483122159488
2017-10-06 14:00:00,324.3898632393507
2017-10-06 15:00:00,326.9279719122425
2017-10-06 16:00:00,326.28276680234126
2017-10-06 17:00:00,329.7378428985592
2017-10-06 18:00:00,329.4460022799123
2017-10-06 19:00:00,329.50462159654705
2017-10-06 20:00:00,331.55615738199833
2017-10-06 21:00:00,335.24293658382396
2017-10-06 22:00:00,334.17608600019287
2017-10-06 23:00:00,334.816053589991
2017-10-07 00:00:00,333.87889865253516
2017-10-07 01:00:00,332.497697660858
2017-10-07 02:00:00,333.12277635851535
2017-10-07 03:00:00,333.74000475146124
2017-10-07 04:00:00,334.0629524635544
2017-10-07 05:00:00,340.7699127023634
2017-10-07 06:00:00,365.2163844061768
2017-10-07 07:00:00,329.8785820981495
2017-10-07 08:00:00,323.6151481694134
2017-10-07 09:00:00,318.84732855972277
2017-10-07 10:00:00,319.43709085183025
2017-10-07 11:00:00,319.05756690477585
2017-10-07 12:00:00,315.76746453224536
2017-10-07 13:00:00,317.04163144239294
2017-10-07 14:00:00,315.8208257141858
2017-10-07 15:00:00,316.82371749016164
2017-10-07 16:00:00,321.48791124487366
2017-10-07 17:00:00,324.92146493941027
2017-10-07 18:00:00,330.9386891243139
2017-10-07 19:00:00,332.6245626924896
2017-10-07 20:00:00,331.15982471393437
2017-10-07 21:00:00,330.4935584276422
2017-10-07 22:00:00,327.8133742556362
2017-10-07 23:00:00,324.0305628683386
2017-10-08 00:00:00,328.81076842252696
2017-10-08 01:00:00,324.0219265932294
2017-10-08 02:00:00,318.31860387927526
2017-10-08 03:00:00,319.2460431762528
2017-10-08 04:00:00,320.28853782170114
2017-10-08 05:00:00,321.6416912697862
2017-10-08 06:00:00,318.53543644577417
2017-10-08 07:00:00,319.03126545819026
2017-10-08 08:00:00,317.9666298619236
2017-10-08 09:00:00,316.90702052215977
2017-10-08 10:00:00,317.56251072334123
2017-10-08 11:00:00,317.13836692913577
2017-10-08 12:00:00,317.01967509760965
2017-10-08 13:00:00,315.0836633248053
2017-10-08 14:00:00,316.1312451473526
2017-10-08 15:00:00,316.76705858591464
2017-10-08 16:00:00,320.29715281854504
2017-10-08 17:00:00,326.21917047184485
2017-10-08 18:00:00,329.4957272875698
2017-10-08 19:00:00,332.7509641837328
2017-10-08 20:00:00,329.33489112821155
2017-10-08 21:00:00,328.5984637890018
2017-10-08 22:00:00,327.8742853401035
2017-10-08 23:00:00,328.302684970351
2017-10-09 00:00:00,332.43466769189604
2017-10-09 01:00:00,336.85776207022616
2017-10-09 02:00:00,336.7507696104808
2017-10-09 03:00:00,333.941377220776
2017-10-09 04:00:00,339.8673975037236
2017-10-09 05:00:00,344.5238448363182
2017-10-09 06:00:00,349.776662083582
2017-10-09 07:00:00,335.65618420065647
2017-10-09 08:00:00,327.93617176454467
2017-10-09 09:00:00,321.2887059498084
2017-10-09 10:00:00,320.7444626251948
2017-10-09 11:00:00,321.27284649264686
2017-10-09 12:00:00,321.47236661893254
2017-10-09 13:00:00,320.6178180859156
2017-10-09 14:00:00,320.49885187527076
2017-10-09 15:00:00,320.6163148446788
2017-10-09 16:00:00,322.6045717367066
2017-10-09 17:00:00,325.404208691186
2017-10-09 18:00:00,329.692994984579
2017-10-09 19:00:00,330.56898062029325
2017-10-09 20:00:00,331.637390275109
2017-10-09 21:00:00,332.4280882283396
2017-10-09 22:00:00,331.14581691000114
2017-10-09 23:00:00,331.1717408161322
2017-10-10 00:00:00,332.92907573360753
2017-10-10 01:00:00,330.9259068990205
2017-10-10 02:00:00,332.5169372290566
2017-10-10 03:00:00,334.77400516408886
2017-10-10 04:00:00,365.8246297554965
2017-10-10 05:00:00,374.97502214260425
2017-10-10 06:00:00,368.4124328535965
2017-10-10 07:00:00,359.5284574484888
2017-10-10 08:00:00,332.1775972526426
2017-10-10 09:00:00,325.8590222008462
2017-10-10 10:00:00,325.10192711676683
2017-10-10 11:00:00,319.29470033940345
2017-10-10 12:00:00,318.85381508199697
2017-10-10 13:00:00,319.350016037399
2017-10-10 14:00:00,317.71376476925144
2017-10-10 15:00:00,318.8616637550115
2017-10-10 16:00:00,321.5148785130842
2017-10-10 17:00:00,324.6261466323961
2017-10-10 18:00:00,325.1262677022946
2017-10-10 19:00:00,326.3699301735538
2017-10-10 20:00:00,324.01197989678326
2017-10-10 21:00:00,323.2796321982622
2017-10-10 22:00:00,323.43467811020383
2017-10-10 23:00:00,324.4123731692915
2017-10-11 00:00:00,328.5509187888933
2017-10-11 01:00:00,332.168560585402
2017-10-11 02:00:00,328.0202574813805
2017-10-11 03:00:00,331.5343728453572
2017-10-11 04:00:00,334.6899017495518
2017-10-11 05:00:00,336.66756407009325
2017-10-11 06:00:00,336.203141570764
2017-10-11 07:00:00,331.0478445527204
2017-10-11 08:00:00,323.8987647160824
2017-10-11 09:00:00,330.9214886669017
2017-10-11 10:00:00,322.442415610619
2017-10-11 11:00:00,321.76254276361027
2017-10-11 12:00:00,317.17328148965726
2017-10-11 13:00:00,317.606139092907
2017-10-11 14:00:00,318.7860481363347
2017-10-11 15:00:00,318.18251784251567
2017-10-11 16:00:00,323.503903242414
2017-10-11 17:00:00,323.62638682629216
2017-10-11 18:00:00,326.4357824335048
2017-10-11 19:00:00,328.233892222231
2017-10-11 20:00:00,329.0061991912416
2017-10-11 21:00:00,328.4292234584488
2017-10-11 22:00:00,327.04375277311516
2017-10-11 23:00:00,327.34734826018666
2017-10-12 00:00:00,330.313638809865
2017-10-12 01:00:00,327.54748503170634
2017-10-12 02:00:00,329.34460799137855
2017-10-12 03:00:00,330.9812910752517
2017-10-12 04:00:00,335.9251939209218
2017-10-12 05:00:00,340.4517356185462
2017-10-12 06:00:00,335.8983847644652
2017-10-12 07:00:00,335.8675890308954
2017-10-12 08:00:00,328.840956228307
2017-10-12 09:00:00,329.8175794536886
2017-10-12 10:00:00,327.2758259242347
2017-10-12 11:00:00,323.9385748055818
2017-10-12 12:00:00,321.32642780439926
2017-10-12 13:00:00,322.4635782161944
2017-10-12 14:00:00,318.60022406898173
2017-10-12 15:00:00,319.486656657881
2017-10-12 16:00:00,322.1059681271194
2017-10-12 17:00:00,324.66604194683896
2017-10-12 18:00:00,325.9797913717174
2017-10-12 19:00:00,329.5814513065164
2017-10-12 20:00:00,326.9551685337062
2017-10-12 21:00:00,328.2715063337772
2017-10-12 22:00:00,331.9630150091168
2017-10-12 23:00:00,332.975384778016
2017-10-13 00:00:00,329.4942113463983
2017-10-13 01:00:00,334.08358867457844
2017-10-13 02:00:00,336.3392044269577
2017-10-13 03:00:00,343.15196114377403
2017-10-13 04:00:00,342.11482338772095
2017-10-13 05:00:00,348.65247844504466
2017-10-13 06:00:00,358.2415604954487
2017-10-13 07:00:00,371.2086100971246
2017-10-13 08:00:00,348.62526961787074
2017-10-13 09:00:00,340.3845064731323
2017-10-13 10:00:00,346.06750463048877
2017-10-13 11:00:00,343.224001241439
2017-10-13 12:00:00,339.3224432219793
2017-10-13 13:00:00,333.54296094954003
2017-10-13 14:00:00,335.20961404134
2017-10-13 15:00:00,340.83749531044435
2017-10-13 16:00:00,345.3669907034076
2017-10-13 17:00:00,347.1238080736778
2017-10-13 18:00:00,346.71379463184405
2017-10-13 19:00:00,349.2602558212912
2017-10-13 20:00:00,347.36277842971685
2017-10-13 21:00:00,342.1925622796791
2017-10-13 22:00:00,344.7893776086102
2017-10-13 23:00:00,349.58721657003724
2017-10-14 00:00:00,353.51140120979227
2017-10-14 01:00:00,349.9590373180187
2017-10-14 02:00:00,352.9227871097084
2017-10-14 03:00:00,358.3303267745615
2017-10-14 04:00:00,363.8782453257955
2017-10-14 05:00:00,369.25429815061784
2017-10-14 06:00:00,368.9676161975928
2017-10-14 07:00:00,370.6959030561042
2017-10-14 08:00:00,370.98872012540716
2017-10-14 09:00:00,369.80222935062017
2017-10-14 10:00:00,355.52896073280914
2017-10-14 11:00:00,343.66096330181324
2017-10-14 12:00:00,336.30739638311525
2017-10-14 13:00:00,338.11293561111
2017-10-14 14:00:00,338.40644949124754
2017-10-14 15:00:00,342.48146272451356
2017-10-14 16:00:00,347.82359254626726
2017-10-14 17:00:00,346.109235965001
2017-10-14 18:00:00,349.95737438446525
2017-10-14 19:00:00,349.96215134357
2017-10-14 20:00:00,352.399933200041
2017-10-14 21:00:00,353.78721012871983
2017-10-14 22:00:00,351.18977064622663
2017-10-14 23:00:00,356.1059906402615
2017-10-15 00:00:00,360.38465291925723
2017-10-15 01:00:00,358.9144738347665
2017-10-15 02:00:00,358.0774163160902
2017-10-15 03:00:00,361.96138168611833
2017-10-15 04:00:00,367.77153041838767
2017-10-15 05:00:00,363.4583521146677
2017-10-15 06:00:00,368.6215220547415
2017-10-15 07:00:00,376.11163680660366
2017-10-15 08:00:00,354.26141629204176
2017-10-15 09:00:00,356.02372906931436
2017-10-15 10:00:00,351.8017278166746
2017-10-15 11:00:00,347.61073137173287
2017-10-15 12:00:00,336.85539064225117
2017-10-15 13:00:00,337.9880480026798
2017-10-15 14:00:00,336.485841165334
2017-10-15 15:00:00,339.88004272139517
2017-10-15 16:00:00,339.74987561369477
2017-10-15 17:00:00,344.04395251566484
2017-10-15 18:00:00,345.4837344787083
2017-10-15 19:00:00,340.2497551107287
2017-10-15 20:00:00,341.64601423934926
2017-10-15 21:00:00,341.92484949032433
2017-10-15 22:00:00,341.1783873866555
2017-10-15 23:00:00,340.5748865422272
2017-10-16 00:00:00,338.617702908238
2017-10-16 01:00:00,341.00100903927347
2017-10-16 02:00:00,343.12375135216763
2017-10-16 03:00:00,345.2519682048454
2017-10-16 04:00:00,347.86710222659184
2017-10-16 05:00:00,343.427900374639
2017-10-16 06:00:00,349.6466288204046
2017-10-16 07:00:00,349.5034896981372
2017-10-16 08:00:00,349.3167560436531
2017-10-16 09:00:00,352.63243310147624
2017-10-16 10:00:00,344.93349999331076
2017-10-16 11:00:00,348.7641090228156
2017-10-16 12:00:00,343.2158275076632
2017-10-16 13:00:00,334.24276095495736
2017-10-16 14:00:00,333.243438384375
2017-10-16 15:00:00,337.20572346680774
2017-10-16 16:00:00,340.659101816934
2017-10-16 17:00:00,344.07329539260934
2017-10-16 18:00:00,346.7610028465173
2017-10-16 19:00:00,344.211960972704
2017-10-16 20:00:00,342.3590616690129
2017-10-16 21:00:00,341.11050096813557
2017-10-16 22:00:00,340.50015156327567
2017-10-16 23:00:00,340.9610061240215
2017-10-17 00:00:00,346.70000544953655
2017-10-17 01:00:00,352.6660867019108
2017-10-17 02:00:00,343.1564984758756
2017-10-17 03:00:00,346.803114315127
2017-10-17 04:00:00,349.52952290496836
2017-10-17 05:00:00,345.63593451699785
2017-10-17 06:00:00,351.6248860493717
2017-10-17 07:00:00,347.04323938504194
2017-10-17 08:00:00,347.679894359144
2017-10-17 09:00:00,345.538861025643
2017-10-17 10:00:00,342.9948964831257
2017-10-17 11:00:00,335.2742747125784
2017-10-17 12:00:00,341.6374705991425
2017-10-17 13:00:00,340.08799581733
2017-10-17 14:00:00,335.2947377143976
2017-10-17 15:00:00,337.6305368964476
2017-10-17 16:00:00,339.7026229247077
2017-10-17 17:00:00,340.4899668114653
2017-10-17 18:00:00,342.6792834329669
2017-10-17 19:00:00,340.3664945312553
2017-10-17 20:00:00,341.08759818418025
2017-10-17 21:00:00,341.59576899650466
2017-10-17 22:00:00,341.9277167281286
2017-10-17 23:00:00,342.761296545591
2017-10-18 00:00:00,342.7118632954042
2017-10-18 01:00:00,340.95518085527243
2017-10-18 02:00:00,342.32806181354647
2017-10-18 03:00:00,344.5223688533683
2017-10-18 04:00:00,348.8915946333014
2017-10-18 05:00:00,355.1718410267288
2017-10-18 06:00:00,348.5078045034382
2017-10-18 07:00:00,351.6141172719874
2017-10-18 08:00:00,349.1141369001228
2017-10-18 09:00:00,346.52041891354685
2017-10-18 10:00:00,341.90149521245405
2017-10-18 11:00:00,340.3026455528723
2017-10-18 12:00:00,334.4583746255755
2017-10-18 13:00:00,331.7837967814187
2017-10-18 14:00:00,336.02995812532134
2017-10-18 15:00:00,336.0921730772525
2017-10-18 16:00:00,336.9425529568958
2017-10-18 17:00:00,337.9424948209012
2017-10-18 18:00:00,335.01018995518865
2017-10-18 19:00:00,332.4362744206882
2017-10-18 20:00:00,331.5638619417522
2017-10-18 21:00:00,332.4588209338647
2017-10-18 22:00:00,333.60790018956726
2017-10-18 23:00:00,334.8003121652738
2017-10-19 00:00:00,338.0973819773627
2017-10-19 01:00:00,339.17472444094653
2017-10-19 02:00:00,342.261028820193
2017-10-19 03:00:00,345.5943798734107
2017-10-19 04:00:00,357.176641902348
2017-10-19 05:00:00,346.8914236680032
2017-10-19 06:00:00,358.9562908139169
2017-10-19 07:00:00,366.53984065700956
2017-10-19 08:00:00,374.7094220059147
2017-10-19 09:00:00,361.7844984933814
2017-10-19 10:00:00,346.30282276213904
2017-10-19 11:00:00,343.93374007289987
2017-10-19 12:00:00,344.43646332116697
2017-10-19 13:00:00,347.608227353483
2017-10-19 14:00:00,339.26030701355177
2017-10-19 15:00:00,337.34466507363004
2017-10-19 16:00:00,344.71000774540056
2017-10-19 17:00:00,345.3293867871264
2017-10-19 18:00:00,343.72293775253
2017-10-19 19:00:00,343.36365488521824
2017-10-19 20:00:00,345.56656089248776
2017-10-19 21:00:00,346.80005556780475
2017-10-19 22:00:00,346.321728329014
2017-10-19 23:00:00,350.49417287168234
2017-10-20 00:00:00,348.71459651693215
2017-10-20 01:00:00,345.83025974188024
2017-10-20 02:00:00,342.44530348492896
2017-10-20 03:00:00,339.7363051112385
2017-10-20 04:00:00,344.5748488931904
2017-10-20 05:00:00,348.08171344601783
2017-10-20 06:00:00,345.4097130620012
2017-10-20 07:00:00,345.3596548220492
2017-10-20 08:00:00,348.9738696734696
2017-10-20 09:00:00,344.92248258674954
2017-10-20 10:00:00,338.81594220572015
2017-10-20 11:00:00,337.74363773585446
2017-10-20 12:00:00,336.458623429501
2017-10-20 13:00:00,335.8422776844404
2017-10-20 14:00:00,333.5929395077218
2017-10-20 15:00:00,335.2445453465758
2017-10-20 16:00:00,335.79059838213885
2017-10-20 17:00:00,338.42637315169503
2017-10-20 18:00:00,339.9553480010887
2017-10-20 19:00:00,336.986754082909
2017-10-20 20:00:00,336.944612467071
2017-10-20 21:00:00,336.2272552254776
2017-10-20 22:00:00,342.6164157395112
2017-10-20 23:00:00,344.8707938677303
2017-10-21 00:00:00,343.6575265023148
2017-10-21 01:00:00,341.9581928485965
2017-10-21 02:00:00,341.40361449251964
2017-10-21 03:00:00,340.2447744268919
2017-10-21 04:00:00,338.96897591994315
2017-10-21 05:00:00,345.812983151787
2017-10-21 06:00:00,350.61489863483143
2017-10-21 07:00:00,346.7846630152916
2017-10-21 08:00:00,335.5271730253695
2017-10-21 09:00:00,333.78643527373583
2017-10-21 10:00:00,330.99948195668077
2017-10-21 11:00:00,328.2352770413412
2017-10-21 12:00:00,324.0622246496752
2017-10-21 13:00:00,326.626438547126
2017-10-21 14:00:00,327.0103905212742
2017-10-21 15:00:00,331.06901124661255
2017-10-21 16:00:00,335.683213840706
2017-10-21 17:00:00,336.0486581750507
2017-10-21 18:00:00,331.97426402299806
2017-10-21 19:00:00,331.41502175747735
2017-10-21 20:00:00,332.03749431402287
2017-10-21 21:00:00,333.0544955293434
2017-10-21 22:00:00,331.22159548470887
2017-10-21 23:00:00,335.06782531024106
2017-10-22 00:00:00,334.24235212349095
2017-10-22 01:00:00,333.5274583269772
2017-10-22 02:00:00,333.39978961945263
2017-10-22 03:00:00,333.9143856305886
2017-10-22 04:00:00,334.1216667871102
2017-10-22 05:00:00,332.598638686698
2017-10-22 06:00:00,334.0363079954766
2017-10-22 07:00:00,331.815005898165
2017-10-22 08:00:00,331.1823873636028
2017-10-22 09:00:00,330.11178278694524
2017-10-22 10:00:00,330.4599635447255
2017-10-22 11:00:00,327.30825920812663
2017-10-22 12:00:00,326.73966117219504
2017-10-22 13:00:00,326.828168387394
2017-10-22 14:00:00,326.6599005190314
2017-10-22 15:00:00,329.07657719583
2017-10-22 16:00:00,330.10989358006276
2017-10-22 17:00:00,330.00667424764424
2017-10-22 18:00:00,332.2958524497886
2017-10-22 19:00:00,330.449593053182
2017-10-22 20:00:00,325.915375610298
2017-10-22 21:00:00,327.6139300785005
2017-10-22 22:00:00,327.79859440142064
2017-10-22 23:00:00,328.3634461995645
2017-10-23 00:00:00,328.8396644834845
2017-10-23 01:00:00,328.1312307764943
2017-10-23 02:00:00,328.7811203087168
2017-10-23 03:00:00,332.2301464811555
2017-10-23 04:00:00,331.3108942812424
2017-10-23 05:00:00,334.17753178123
2017-10-23 06:00:00,332.944961144984
2017-10-23 07:00:00,340.54911558685745
2017-10-23 08:00:00,336.9987226425365
2017-10-23 09:00:00,337.5352494999036
2017-10-23 10:00:00,335.6220447763875
2017-10-23 11:00:00,338.932748971688
2017-10-23 12:00:00,336.2160712592447
2017-10-23 13:00:00,326.38122130996936
2017-10-23 14:00:00,327.91966872108065
2017-10-23 15:00:00,330.566165095083
2017-10-23 16:00:00,336.50363427149733
2017-10-23 17:00:00,341.61037004233003
2017-10-23 18:00:00,345.7523329348719
2017-10-23 19:00:00,346.07278402214274
2017-10-23 20:00:00,347.2773041670386
2017-10-23 21:00:00,344.8701442776818
2017-10-23 22:00:00,343.15464365985
2017-10-23 23:00:00,338.23964002345247
2017-10-24 00:00:00,337.1920798353438
2017-10-24 01:00:00,339.8765491391476
2017-10-24 02:00:00,341.28935605505364
2017-10-24 03:00:00,340.1993797824472
2017-10-24 04:00:00,348.42307320557484
2017-10-24 05:00:00,340.6000507561966
2017-10-24 06:00:00,339.88988019647
2017-10-24 07:00:00,342.13728089093445
2017-10-24 08:00:00,337.5240788703754
2017-10-24 09:00:00,334.09678988030225
2017-10-24 10:00:00,326.39905411829733
2017-10-24 11:00:00,326.50801179356944
2017-10-24 12:00:00,323.27087637301304
2017-10-24 13:00:00,322.4792450621565
2017-10-24 14:00:00,324.28276355750376
2017-10-24 15:00:00,328.1405967077108
2017-10-24 16:00:00,332.7131007164823
2017-10-24 17:00:00,330.89529451513886
2017-10-24 18:00:00,330.8652137471322
2017-10-24 19:00:00,329.2457491236732
2017-10-24 20:00:00,329.33267503368546
2017-10-24 21:00:00,329.103538802186
2017-10-24 22:00:00,330.20569345834537
2017-10-24 23:00:00,330.64149034945797
2017-10-25 00:00:00,330.60652294928747
2017-10-25 01:00:00,331.73314827752233
2017-10-25 02:00:00,334.0004154375365
2017-10-25 03:00:00,335.00158453800486
2017-10-25 04:00:00,339.1416988764904
2017-10-25 05:00:00,343.74995050229364
2017-10-25 06:00:00,346.5827510200316
2017-10-25 07:00:00,345.9636847653618
2017-10-25 08:00:00,338.25470678139203
2017-10-25 09:00:00,335.2645387387358
2017-10-25 10:00:00,346.4794594564477
2017-10-25 11:00:00,333.98755573574454
2017-10-25 12:00:00,324.14148593237917
2017-10-25 13:00:00,324.663366324743
2017-10-25 14:00:00,325.7106793777491
2017-10-25 15:00:00,330.4246618778984
2017-10-25 16:00:00,335.10529242348275
2017-10-25 17:00:00,332.1917588634073
2017-10-25 18:00:00,331.9283725965774
2017-10-25 19:00:00,331.6427621204376
2017-10-25 20:00:00,334.04233361270917
2017-10-25 21:00:00,331.33497965107154
2017-10-25 22:00:00,332.333441129186
2017-10-25 23:00:00,334.913783054475
2017-10-26 00:00:00,333.65432833756273
2017-10-26 01:00:00,335.913302876456
2017-10-26 02:00:00,336.17612887811686
2017-10-26 03:00:00,340.83917481793713
2017-10-26 04:00:00,344.58945367395916
2017-10-26 05:00:00,350.63910017441765
2017-10-26 06:00:00,349.8439567103655
2017-10-26 07:00:00,351.746101383677
2017-10-26 08:00:00,346.2371490225836
2017-10-26 09:00:00,346.19697625580056
2017-10-26 10:00:00,341.9335150169083
2017-10-26 11:00:00,340.7237832320786
2017-10-26 12:00:00,334.31217332745337
2017-10-26 13:00:00,334.834158673272
2017-10-26 14:00:00,335.49529048796023
2017-10-26 15:00:00,334.835171304239
2017-10-26 16:00:00,337.71116642591124
2017-10-26 17:00:00,336.5264839869745
2017-10-26 18:00:00,335.2859588806195
2017-10-26 19:00:00,335.9051812566812
2017-10-26 20:00:00,335.7210158961619
2017-10-26 21:00:00,338.703128288908
2017-10-26 22:00:00,336.485290229158
2017-10-26 23:00:00,338.1927940961463
2017-10-27 00:00:00,338.1259153998146
2017-10-27 01:00:00,338.084335772577
2017-10-27 02:00:00,342.22846646278197
2017-10-27 03:00:00,345.99043044117684
2017-10-27 04:00:00,347.06619370096723
2017-10-27 05:00:00,347.42640475930784
2017-10-27 06:00:00,353.05767372069334
2017-10-27 07:00:00,350.1662932767594
2017-10-27 08:00:00,342.35695976085543
2017-10-27 09:00:00,342.2021747906318
2017-10-27 10:00:00,339.31873835001863
2017-10-27 11:00:00,336.7006544568844
2017-10-27 12:00:00,339.8815460134498
2017-10-27 13:00:00,332.70784906107184
2017-10-27 14:00:00,330.1980357018052
2017-10-27 15:00:00,335.8574911906742
2017-10-27 16:00:00,337.89454697931
2017-10-27 17:00:00,338.410500419983
2017-10-27 18:00:00,336.710210987959
2017-10-27 19:00:00,338.8644644040514
2017-10-27 20:00:00,338.552365584892
2017-10-27 21:00:00,334.7603666728863
2017-10-27 22:00:00,336.4008400876568
2017-10-27 23:00:00,338.240499290425
2017-10-28 00:00:00,333.8326192402758
2017-10-28 01:00:00,337.23344119099977
2017-10-28 02:00:00,332.51756038861305
2017-10-28 03:00:00,344.6902007321758
2017-10-28 04:00:00,335.8567495138468
2017-10-28 05:00:00,336.51486572340275
2017-10-28 06:00:00,340.36151361313165
2017-10-28 07:00:00,339.2197612229036
2017-10-28 08:00:00,343.01141860411894
2017-10-28 09:00:00,336.7662106422634
2017-10-28 10:00:00,328.73269788701583
2017-10-28 11:00:00,326.96055355203475
2017-10-28 12:00:00,322.0419795912138
2017-10-28 13:00:00,324.48764742900903
2017-10-28 14:00:00,323.82198191627964
2017-10-28 15:00:00,325.4374567863296
2017-10-28 16:00:00,328.601530788916
2017-10-28 17:00:00,327.4632521512838
2017-10-28 18:00:00,329.9272217410218
2017-10-28 19:00:00,334.6594376707486
2017-10-28 20:00:00,331.01758875233764
2017-10-28 21:00:00,326.55014387830033
2017-10-28 22:00:00,327.1143101737934
2017-10-28 23:00:00,330.26100506130587
2017-10-29 00:00:00,324.9825935418554
2017-10-29 01:00:00,325.2411775765572
2017-10-29 02:00:00,323.92499171918183
2017-10-29 03:00:00,323.15088141022125
2017-10-29 04:00:00,322.70266159738975
2017-10-29 05:00:00,322.738430253449
2017-10-29 06:00:00,324.399776143525
2017-10-29 07:00:00,323.55382617336676
2017-10-29 08:00:00,321.5758146979354
2017-10-29 09:00:00,319.48484940798687
2017-10-29 10:00:00,319.1216715870725
2017-10-29 11:00:00,318.1416787691658
2017-10-29 12:00:00,319.445628534533
2017-10-29 13:00:00,319.65508457888546
2017-10-29 14:00:00,321.35661766379724
2017-10-29 15:00:00,322.850044742431
2017-10-29 16:00:00,335.6024563391302
2017-10-29 17:00:00,352.15252185473184
2017-10-29 18:00:00,350.4984262713139
2017-10-29 19:00:00,332.77088480790377
2017-10-29 20:00:00,333.0834319454695
2017-10-29 21:00:00,326.188697891823
2017-10-29 22:00:00,329.7798292422704
2017-10-29 23:00:00,332.33410349126603
2017-10-30 00:00:00,325.2446299713422
2017-10-30 01:00:00,326.55931763540997
2017-10-30 02:00:00,329.2155812334267
2017-10-30 03:00:00,330.3700115023566
2017-10-30 04:00:00,333.37344639025747
2017-10-30 05:00:00,330.4649083032483
2017-10-30 06:00:00,325.30516812162256
2017-10-30 07:00:00,325.1832024600505
2017-10-30 08:00:00,326.0593472912438
2017-10-30 09:00:00,323.17353287938914
2017-10-30 10:00:00,323.5275036838677
2017-10-30 11:00:00,323.60326823723574
2017-10-30 12:00:00,324.297482640001
2017-10-30 13:00:00,324.5191317172416
2017-10-30 14:00:00,324.8391641038044
2017-10-30 15:00:00,325.630696697894
2017-10-30 16:00:00,326.120719322167
2017-10-30 17:00:00,326.64474436703483
2017-10-30 18:00:00,324.84565864372695
2017-10-30 19:00:00,323.488287471918
2017-10-30 20:00:00,322.1960924102113
2017-10-30 21:00:00,321.4819848521298
2017-10-30 22:00:00,321.07334431953115
2017-10-30 23:00:00,322.22038688170795
2017-10-31 00:00:00,321.18739655852977
2017-10-31 01:00:00,323.532053778043
2017-10-31 02:00:00,324.87246864172056
2017-10-31 03:00:00,326.61321156144925
2017-10-31 04:00:00,325.89578506183204
2017-10-31 05:00:00,330.39980472855933
2017-10-31 06:00:00,337.091588770327
2017-10-31 07:00:00,347.8165648538065
2017-10-31 08:00:00,336.617585910404
2017-10-31 09:00:00,328.4202468197455
2017-10-31 10:00:00,328.63412306780134
2017-10-31 11:00:00,324.78570725330627
2017-10-31 12:00:00,323.9965768501917
2017-10-31 13:00:00,326.41605239801333
2017-10-31 14:00:00,323.963627950239
2017-10-31 15:00:00,325.3407684718315
2017-10-31 16:00:00,328.65937572276437
2017-10-31 17:00:00,325.1632089139405
2017-10-31 18:00:00,323.00097447411525
2017-10-31 19:00:00,325.3524664968866
2017-10-31 20:00:00,325.9527026112188
2017-10-31 21:00:00,323.3883612289686
2017-10-31 22:00:00,321.37569667668316
2017-10-31 23:00:00,322.6491654071136
